id,first_name,last_name
1,Michael,P.
2,Shawn,M.
3,Kathleen,P.
4,Jimmy,C.
5,Katherine,R.
6,Sarah,R.
7,Martin,M.
8,Frank,R.
9,Jennifer,F.
10,Henry,W.
11,Fred,S.
12,Amy,D.
13,Kathleen,M.
14,Steve,F.
15,Teresa,H.
16,Amanda,H.
17,Kimberly,R.
18,Johnny,K.
19,Virginia,F.
20,Anna,A.
21,Willie,H.
22,Sean,H.
23,Mildred,A.
24,David,G.
25,Victor,H.
26,Aaron,R.
27,Benjamin,B.
28,Lisa,W.
29,Benjamin,K.
30,Christina,W.
31,Jane,G.
32,Thomas,O.
33,Katherine,M.
34,Jennifer,S.
35,Sara,T.
36,Harold,O.
37,Shirley,J.
38,Dennis,J.
39,Louise,W.
40,Maria,A.
41,Gloria,C.
42,Diana,S.
43,Kelly,N.
44,Jane,R.
45,Scott,B.
46,Norma,C.
47,Marie,P.
48,Lillian,C.
49,Judy,N.
50,Billy,L.
51,Howard,R.
52,Laura,F.
53,Anne,B.
54,Rose,M.
55,Nicholas,R.
56,Joshua,K.
57,Paul,W.
58,Kathryn,K.
59,Adam,A.
60,Norma,W.
61,Timothy,R.
62,Elizabeth,P.
63,Edward,G.
64,David,C.
65,Brenda,W.
66,Adam,W.
67,Michael,H.
68,Jesse,E.
69,Janet,P.
70,Helen,F.
71,Gerald,C.
72,Kathryn,O.
73,Alan,B.
74,Harry,A.
75,Andrea,H.
76,Barbara,W.
77,Anne,W.
78,Harry,H.
79,Jack,R.
80,Phillip,H.
81,Shirley,H.
82,Arthur,D.
83,Virginia,R.
84,Christina,R.
85,Theresa,M.
86,Jason,C.
87,Phillip,B.
88,Adam,T.
89,Margaret,J.
90,Paul,P.
91,Todd,W.
92,Willie,O.
93,Frances,R.
94,Gregory,H.
95,Lisa,P.
96,Jacqueline,A.
97,Shirley,D.
98,Nicole,M.
99,Mary,G.
100,Jean,M.
101,Melanie,S.
102,Joseph,S.
103,Ryan,B.
104,Sarah,H.
105,Trevor,B.
106,Paula,W.
107,Charles,L.
108,Julie,B.
109,Gerald,B.
110,Richard,T.
111,Jared,M.
112,Peter,A.
113,Michael,H.
114,Alec,J.
115,John,C.
116,David,H.
117,Joe,G.
118,Bradley,N.
119,Michelle,W.
120,Kaitlyn,O.
121,Jennifer,M.
122,Amber,R.
123,David,W.
124,Stephanie,S.
125,Kevin,P.
126,Veronica,L.
127,Megan,R.
128,Susan,C.
129,Tina,S.
130,David,S.
131,Justin,D.
132,Steven,J.
133,Nathan,B.
134,Walter,B.
135,Shari,W.
136,Samuel,C.
137,Craig,M.
138,Samuel,O.
139,Stephen,R.
140,Justin,M.
141,Patrick,E.
142,Kathleen,L.
143,Kristi,S.
144,Lori,L.
145,Rachel,B.
146,Mark,S.
147,Kimberly,T.
148,Kayla,S.
149,Paul,J.
150,Katherine,C.
151,Mark,T.
152,April,K.
153,Dean,S.
154,Teresa,S.
155,Justin,W.
156,Monica,K.
157,Thomas,G.
158,Shelby,S.
159,Michael,M.
160,Kaitlyn,T.
161,Michelle,G.
162,Ryan,S.
163,Gina,F.
164,Wayne,D.
165,Timothy,G.
166,Lori,D.
167,Sara,J.
168,Michael,A.
169,Michael,W.
170,Brian,M.
171,Sarah,B.
172,Kimberly,M.
173,Teresa,S.
174,Ronald,L.
175,Susan,C.
176,Karen,J.
177,Rhonda,J.
178,Jessica,M.
179,Jacqueline,J.
180,Christopher,A.
181,Kyle,A.
182,Kelly,W.
183,Randall,L.
184,Miguel,C.
185,Gregory,F.
186,Kayla,S.
187,Stephen,B.
188,Karen,B.
189,Laura,J.
190,Donna,V.
191,Jill,J.
192,Shane,E.
193,Scott,B.
194,Michael,R.
195,Deanna,E.
196,Connie,M.
197,Brandon,S.
198,Michael,T.
199,Gabriel,F.
200,Thomas,C.
201,Jeffrey,T.
202,Kerry,S.
203,Joshua,J.
204,Carol,N.
205,Angela,L.
206,Lisa,J.
207,Christopher,Q.
208,Michael,E.
209,Alexandria,P.
210,Jason,M.
211,William,F.
212,Matthew,S.
213,Paula,S.
214,Tina,S.
215,James,S.
216,Michael,W.
217,Samantha,J.
218,Steven,F.
219,Kyle,R.
220,Rebecca,G.
221,Kyle,L.
222,Cody,M.
223,Brittany,M.
224,William,W.
225,Olivia,W.
226,Kristen,W.
227,Frank,S.
228,Brandon,H.
229,Richard,T.
230,Deanna,R.
231,Brittany,C.
232,Margaret,N.
233,Michael,H.
234,Tiffany,B.
235,Terry,K.
236,Garrett,H.
237,Jennifer,H.
238,Michael,W.
239,Katherine,S.
240,Melissa,H.
241,Eric,B.
242,Aaron,M.
243,Christopher,B.
244,Samuel,C.
245,Anthony,H.
246,Jennifer,C.
247,Zachary,S.
248,Wayne,B.
249,Ian,T.
250,Lauren,F.
251,Tanya,S.
252,Leah,P.
253,Justin,M.
254,Cassandra,W.
255,Amber,W.
256,Steven,B.
257,Joshua,R.
258,Douglas,D.
259,Alex,H.
260,Dave,D.
261,Maria,R.
262,Tyler,J.
263,James,F.
264,Brandon,D.
265,James,H.
266,Amy,G.
267,Kara,C.
268,James,M.
269,Regina,B.
270,James,H.
271,Thomas,W.
272,William,T.
273,Andrew,S.
274,Ronald,W.
275,Danielle,S.
276,Bradley,B.
277,Jennifer,B.
278,Wanda,W.
279,James,P.
280,Kristina,S.
281,Kenneth,C.
282,Allison,W.
283,Shelly,S.
284,Audrey,H.
285,Emily,S.
286,Corey,K.
287,Angelica,S.
288,Cassie,M.
289,Heidi,S.
290,Robert,B.
291,Erika,Y.
292,Sierra,L.
293,Austin,M.
294,Patrick,C.
295,John,B.
296,Samantha,J.
297,Gregory,C.
298,Amy,E.
299,Dean,P.
300,Carla,P.
301,Wendy,A.
302,Elizabeth,M.
303,Joshua,S.
304,Michael,T.
305,Shannon,O.
306,Johnny,K.
307,Jasmine,R.
308,Shirley,T.
309,Craig,S.
310,Antonio,G.
311,Keith,P.
312,Pamela,J.
313,William,P.
314,Justin,B.
315,Jennifer,J.
316,Blake,C.
317,David,B.
318,Anthony,V.
319,Alex,G.
320,Erin,C.
321,Nicholas,P.
322,Virginia,Z.
323,Phillip,C.
324,Rodney,G.
325,Jesse,B.
326,Gregory,F.
327,Kyle,S.
328,Michelle,R.
329,Jessica,L.
330,Beverly,M.
331,Adam,D.
332,Judith,S.
333,Isaac,D.
334,Frank,Y.
335,Christina,J.
336,Carol,S.
337,Elizabeth,M.
338,Tammie,T.
339,Brandon,C.
340,James,H.
341,Devin,C.
342,Steven,G.
343,Chelsea,B.
344,Ivan,M.
345,Christopher,H.
346,Susan,H.
347,Carol,W.
348,Jacob,K.
349,Adrian,C.
350,Tammy,F.
351,Chelsea,L.
352,Paige,O.
353,Chloe,L.
354,James,F.
355,Ryan,H.
356,Michael,H.
357,Gina,C.
358,Danielle,D.
359,Sara,M.
360,Cristian,G.
361,Kaylee,J.
362,Andrew,A.
363,Molly,C.
364,Mary,R.
365,Deborah,G.
366,Briana,H.
367,Michael,B.
368,David,H.
369,Jamie,M.
370,Richard,M.
371,John,H.
372,Steven,H.
373,Ryan,P.
374,Ashley,C.
375,Mary,I.
376,Karen,M.
377,Janet,S.
378,Gordon,A.
379,Aaron,B.
380,David,H.
381,Ryan,H.
382,Eric,J.
383,Allison,P.
384,Jennifer,G.
385,Emily,S.
386,Ryan,L.
387,Jennifer,B.
388,Christine,C.
389,David,D.
390,Jean,F.
391,Michelle,P.
392,Michael,S.
393,Jennifer,M.
394,Nicholas,E.
395,Sandra,F.
396,James,R.
397,Patrick,W.
398,Daniel,E.
399,Michael,A.
400,Jamie,H.
401,Lori,M.
402,Destiny,B.
403,Natasha,H.
404,Christina,S.
405,Pamela,J.
406,Donna,G.
407,Christopher,B.
408,Amanda,W.
409,Matthew,C.
410,Kendra,D.
411,Donald,H.
412,Bradley,E.
413,Erin,W.
414,Matthew,C.
415,Jennifer,B.
416,Jasmine,H.
417,Mason,L.
418,Robin,R.
419,Stacie,S.
420,Louis,G.
421,Erica,M.
422,Tyler,W.
423,Kara,B.
424,Christopher,M.
425,Anthony,M.
426,Elizabeth,G.
427,Lance,K.
428,Melvin,C.
429,Charles,F.
430,Kevin,H.
431,Patricia,C.
432,Rebecca,N.
433,Stacey,M.
434,Spencer,W.
435,Alexander,T.
436,Toni,K.
437,Allison,C.
438,Keith,S.
439,Sara,S.
440,Tiffany,C.
441,Nicholas,H.
442,Elizabeth,P.
443,Karen,C.
444,Victor,W.
445,Hannah,E.
446,James,P.
447,Ashley,M.
448,Samantha,R.
449,Jeremy,H.
450,Stacey,S.
451,Amy,J.
452,Brenda,W.
453,Thomas,W.
454,Randy,J.
455,Mark,C.
456,Amanda,R.
457,Kelli,M.
458,Angela,W.
459,William,M.
460,Timothy,S.
461,Joshua,M.
462,Sylvia,C.
463,Anne,S.
464,Sandra,G.
465,Gregory,C.
466,Nancy,L.
467,Margaret,M.
468,Kenneth,S.
469,Carolyn,D.
470,Craig,C.
471,Anna,C.
472,Melissa,M.
473,Amy,R.
474,Andrea,D.
475,Omar,J.
476,Tracy,D.
477,Carla,A.
478,Courtney,C.
479,Deanna,M.
480,Kelsey,H.
481,Patricia,J.
482,Amanda,G.
483,Charles,W.
484,Stephen,G.
485,Elizabeth,K.
486,Melissa,K.
487,David,D.
488,Charles,F.
489,Mark,W.
490,Ellen,C.
491,Mark,M.
492,Matthew,R.
493,Bryan,N.
494,Jason,A.
495,Cindy,C.
496,Mark,R.
497,Matthew,J.
498,Christina,M.
499,Donald,A.
500,Tammy,B.
501,Philip,T.
502,Keith,H.
503,Renee,B.
504,Victoria,H.
505,Dalton,P.
506,Alison,B.
507,Adam,P.
508,Tamara,J.
509,Jenna,P.
510,Steven,S.
511,Alec,F.
512,Christie,O.
513,Timothy,J.
514,Jacob,B.
515,Justin,J.
516,Scott,H.
517,Stephanie,F.
518,Dillon,H.
519,Anita,S.
520,Gregory,F.
521,Matthew,S.
522,Sandra,W.
523,Kevin,E.
524,Andrew,R.
525,Catherine,H.
526,Roger,G.
527,Donald,D.
528,Michael,F.
529,David,M.
530,Margaret,T.
531,Diamond,B.
532,Morgan,R.
533,Stephen,G.
534,Rhonda,C.
535,Gregory,F.
536,Erin,C.
537,Bianca,V.
538,Anna,P.
539,Alan,A.
540,Crystal,M.
541,Alexandria,S.
542,Audrey,S.
543,Ashley,P.
544,Thomas,H.
545,Lisa,H.
546,Phillip,W.
547,Jesse,B.
548,Stephanie,H.
549,Brooke,C.
550,Shawn,M.
551,Alexander,A.
552,Stephen,W.
553,Bobby,L.
554,Samantha,W.
555,Shawn,R.
556,William,C.
557,Sophia,D.
558,Corey,M.
559,Timothy,O.
560,Michael,W.
561,James,H.
562,Julie,W.
563,Darren,O.
564,Robert,B.
565,Scott,R.
566,Calvin,C.
567,Dylan,D.
568,Melissa,W.
569,Angel,M.
570,Robert,C.
571,Logan,P.
572,Nancy,B.
573,Jade,J.
574,Christopher,O.
575,James,C.
576,Howard,J.
577,Allen,J.
578,Melissa,D.
579,Jerry,S.
580,Tiffany,K.
581,Emily,K.
582,Catherine,R.
583,Ryan,M.
584,Melanie,M.
585,Colleen,F.
586,Nicholas,N.
587,Rachel,H.
588,Monica,S.
589,Christopher,L.
590,Todd,G.
591,Joseph,M.
592,David,S.
593,Jeanne,L.
594,Wesley,H.
595,Carrie,J.
596,Michelle,H.
597,Devin,B.
598,Rebecca,E.
599,April,T.
600,Cynthia,L.
601,Kristine,M.
602,Jessica,B.
603,Dana,R.
604,Tiffany,Y.
605,Alexander,C.
606,Melanie,S.
607,Madison,T.
608,Jonathan,B.
609,Francis,B.
610,Ashley,B.
611,Danielle,R.
612,Jennifer,R.
613,Ryan,C.
614,Lisa,F.
615,Amanda,L.
616,Christine,W.
617,Todd,A.
618,Terrance,A.
619,Terri,K.
620,Theresa,C.
621,Katherine,S.
622,Jennifer,M.
623,Robert,H.
624,Benjamin,C.
625,Valerie,D.
626,Faith,K.
627,Benjamin,B.
628,Jason,W.
629,Logan,J.
630,Michael,A.
631,Sarah,K.
632,Tina,H.
633,Michael,T.
634,Brett,P.
635,Joseph,B.
636,Joshua,S.
637,Stephen,W.
638,Dawn,F.
639,Megan,W.
640,Austin,P.
641,Kyle,H.
642,Angela,W.
643,Tammy,B.
644,Travis,J.
645,Erica,W.
646,Danielle,G.
647,Nicole,M.
648,Jerry,J.
649,Julia,T.
650,Emily,D.
651,Anthony,V.
652,Diane,D.
653,Andrea,E.
654,Alfred,S.
655,Bryan,T.
656,Courtney,W.
657,Jeffrey,B.
658,Sydney,S.
659,Micheal,R.
660,Michael,W.
661,Mary,J.
662,Ricky,N.
663,Sara,B.
664,Carla,W.
665,Tammie,H.
666,Louis,R.
667,John,F.
668,Stacy,G.
669,Ronald,G.
670,Melissa,S.
671,Marissa,R.
672,James,D.
673,Evelyn,A.
674,Kyle,S.
675,Justin,L.
676,Megan,B.
677,Juan,D.
678,Regina,L.
679,Joseph,R.
680,Adam,C.
681,Melinda,M.
682,William,W.
683,Rachael,W.
684,Michael,A.
685,Jeffrey,R.
686,Kim,S.
687,Christopher,S.
688,David,W.
689,David,V.
690,Raymond,J.
691,Patricia,P.
692,Timothy,R.
693,Isaiah,W.
694,Michael,S.
695,Joshua,H.
696,Daniel,S.
697,Alexander,L.
698,Justin,C.
699,Heather,T.
700,Kelly,P.
701,Kayla,M.
702,George,H.
703,Matthew,A.
704,James,J.
705,Jared,S.
706,Michelle,R.
707,Robert,H.
708,Rachel,M.
709,Sarah,B.
710,Richard,H.
711,Randy,B.
712,Ashley,D.
713,Michael,B.
714,Emily,G.
715,Jeffery,B.
716,Kevin,M.
717,Michael,K.
718,David,S.
719,Christopher,B.
720,Joseph,S.
721,James,J.
722,Chad,B.
723,Patrick,A.
724,Hannah,P.
725,Matthew,S.
726,Michael,F.
727,Thomas,S.
728,Dawn,P.
729,Patrick,F.
730,John,W.
731,Heather,P.
732,Austin,W.
733,Kevin,S.
734,Joanna,M.
735,Benjamin,M.
736,Kelly,D.
737,Elijah,B.
738,Ryan,F.
739,Joshua,S.
740,Briana,S.
741,Connor,B.
742,Matthew,B.
743,Isaac,D.
744,Linda,G.
745,Jeffrey,M.
746,Linda,B.
747,Stephen,F.
748,Mike,C.
749,Tammy,G.
750,Allison,P.
751,Michael,G.
752,Richard,H.
753,Manuel,B.
754,Paul,R.
755,Jacob,D.
756,Lisa,S.
757,Hannah,S.
758,Danny,W.
759,Jonathan,S.
760,John,B.
761,Jennifer,K.
762,Michelle,C.
763,Adam,N.
764,Jeffrey,H.
765,Kathryn,J.
766,Matthew,A.
767,Jason,O.
768,Melissa,M.
769,Raymond,H.
770,Clinton,H.
771,Angela,P.
772,Christopher,T.
773,David,R.
774,Caroline,M.
775,Dwayne,R.
776,Crystal,W.
777,Vickie,M.
778,Phillip,L.
779,Anthony,C.
780,Erin,B.
781,Kevin,V.
782,Patrick,F.
783,Hannah,S.
784,Garrett,K.
785,John,B.
786,Stephen,R.
787,Alexandria,M.
788,Karen,M.
789,Nancy,L.
790,Mary,G.
791,Rebecca,T.
792,James,M.
793,Benjamin,L.
794,Jessica,P.
795,John,B.
796,Roberto,S.
797,Daniel,M.
798,Heidi,S.
799,Jillian,C.
800,Douglas,W.
801,Miranda,C.
802,Olivia,S.
803,Kenneth,A.
804,Jenna,J.
805,Susan,G.
806,Jasmin,G.
807,Grant,N.
808,Pamela,R.
809,Michael,P.
810,Tammie,M.
811,Kevin,P.
812,Michelle,T.
813,James,R.
814,Douglas,G.
815,Scott,S.
816,Thomas,W.
817,Desiree,L.
818,Tara,H.
819,Kathleen,S.
820,Danny,H.
821,Julie,W.
822,James,S.
823,Stephen,T.
824,Jennifer,C.
825,Kimberly,W.
826,Shawn,R.
827,Alexis,W.
828,Billy,S.
829,Lisa,G.
830,Noah,P.
831,Hayley,H.
832,Allen,S.
833,James,C.
834,Christian,R.
835,Austin,G.
836,Kimberly,M.
837,Lindsey,W.
838,Lisa,C.
839,Sean,B.
840,Teresa,S.
841,Alexandra,E.
842,Kaitlyn,M.
843,Jason,B.
844,Carol,S.
845,Kyle,G.
846,Alexander,T.
847,Joshua,J.
848,Destiny,J.
849,Brian,P.
850,Brenda,H.
851,Colleen,J.
852,Austin,M.
853,Stephanie,S.
854,David,W.
855,Wanda,P.
856,Douglas,T.
857,Laura,C.
858,Andrea,F.
859,Robert,M.
860,Christina,A.
861,Tracy,C.
862,James,G.
863,Kaylee,C.
864,William,M.
865,Calvin,B.
866,Jennifer,D.
867,John,H.
868,Jaime,R.
869,Tammy,T.
870,Rebecca,C.
871,Crystal,C.
872,Ronald,S.
873,Kathleen,W.
874,Timothy,M.
875,Heidi,B.
876,Erica,O.
877,Erin,R.
878,Brittney,B.
879,Michael,J.
880,Tasha,P.
881,Heidi,Y.
882,Erica,H.
883,Rhonda,C.
884,Lisa,F.
885,Eric,T.
886,Colleen,D.
887,Amber,G.
888,Darius,N.
889,Scott,S.
890,Roberta,V.
891,Stephanie,C.
892,George,W.
893,Nicole,W.
894,Desiree,T.
895,Marcus,O.
896,Dorothy,W.
897,Lisa,M.
898,Wayne,S.
899,Michael,M.
900,Emily,F.
901,Shawn,T.
902,Emily,R.
903,Katherine,W.
904,Martin,S.
905,Alexander,S.
906,Jennifer,R.
907,Jason,M.
908,Megan,J.
909,Danielle,W.
910,Sherry,R.
911,Andrew,W.
912,Jonathan,P.
913,Shirley,M.
914,Julie,W.
915,Nicholas,M.
916,David,S.
917,Christopher,L.
918,Jonathan,M.
919,Jonathan,M.
920,Daniel,G.
921,Hannah,Y.
922,Christopher,T.
923,Vanessa,M.
924,Shane,K.
925,Holly,C.
926,Erin,F.
927,Elizabeth,G.
928,Natasha,H.
929,Eric,J.
930,Ernest,G.
931,Steven,B.
932,James,G.
933,Wyatt,C.
934,Vanessa,R.
935,Crystal,L.
936,Anthony,F.
937,William,B.
938,Andrea,D.
939,Sergio,T.
940,Tanya,W.
941,Brenda,S.
942,Ivan,A.
943,Leroy,S.
944,Leslie,M.
945,Sara,W.
946,Jennifer,W.
947,Mary,P.
948,Johnathan,R.
949,Adam,P.
950,Sarah,S.
951,Mark,M.
952,Richard,M.
953,Marie,H.
954,Tyler,T.
955,John,D.
956,Robert,W.
957,Jennifer,F.
958,Phillip,B.
959,Heather,N.
960,Tyler,M.
961,Jennifer,C.
962,Calvin,T.
963,Matthew,B.
964,Steven,K.
965,Donald,P.
966,Brandy,H.
967,Marcus,W.
968,Ryan,R.
969,Nathan,F.
970,Michelle,N.
971,Kurt,T.
972,Brett,R.
973,John,O.
974,Sara,L.
975,Nathan,R.
976,Diane,M.
977,Jason,B.
978,Kimberly,M.
979,Thomas,P.
980,Tami,B.
981,Shannon,A.
982,Christopher,A.
983,Larry,R.
984,Margaret,H.
985,Timothy,B.
986,Jeremy,T.
987,Stephen,M.
988,Matthew,G.
989,Dorothy,G.
990,Diana,B.
991,Susan,R.
992,Dennis,H.
993,Anthony,J.
994,Sarah,C.
995,Sue,C.
996,Michelle,P.
997,Haley,B.
998,Jerry,H.
999,Shawn,C.
1000,Ryan,M.
1001,Samuel,C.
1002,Brian,R.
1003,Tammy,W.
1004,Michael,A.
1005,Steven,P.
1006,Zachary,B.
1007,Kathy,H.
1008,Jennifer,L.
1009,Ruth,S.
1010,Richard,R.
1011,Micheal,C.
1012,William,C.
1013,Jonathan,M.
1014,Sergio,R.
1015,Dominic,B.
1016,Steven,T.
1017,Karen,W.
1018,Kyle,R.
1019,Joshua,R.
1020,Katherine,A.
1021,Alicia,R.
1022,Melissa,N.
1023,Ryan,B.
1024,Brenda,Z.
1025,Deborah,G.
1026,Jeremiah,W.
1027,Michael,C.
1028,Bruce,D.
1029,Anthony,E.
1030,Jamie,F.
1031,Glenn,J.
1032,Mckenzie,W.
1033,Ebony,W.
1034,Fred,S.
1035,William,C.
1036,Kelly,H.
1037,William,E.
1038,Jesse,W.
1039,Cynthia,G.
1040,Kelly,C.
1041,Michael,A.
1042,Anna,P.
1043,Brandon,R.
1044,John,B.
1045,Sandra,G.
1046,Patrick,S.
1047,Jessica,B.
1048,Douglas,M.
1049,Kristen,D.
1050,Kristy,B.
1051,Brandon,G.
1052,Krista,G.
1053,Brooke,R.
1054,Justin,H.
1055,Thomas,A.
1056,Joseph,W.
1057,Joseph,G.
1058,Theresa,D.
1059,Katherine,R.
1060,Erica,L.
1061,Eric,D.
1062,Cynthia,M.
1063,David,C.
1064,Dawn,J.
1065,Glenn,B.
1066,Betty,L.
1067,Chad,M.
1068,Ryan,F.
1069,James,A.
1070,Jesus,M.
1071,Shannon,M.
1072,James,D.
1073,Louis,W.
1074,Nancy,R.
1075,Michael,C.
1076,Linda,T.
1077,Randall,V.
1078,Dustin,S.
1079,Alexis,M.
1080,Joshua,B.
1081,Jonathan,R.
1082,Kari,F.
1083,Kenneth,T.
1084,Stephanie,P.
1085,Donald,D.
1086,Mary,N.
1087,Misty,C.
1088,Jennifer,S.
1089,Zachary,G.
1090,Shannon,K.
1091,Matthew,W.
1092,Justin,C.
1093,Justin,S.
1094,Claudia,S.
1095,Adrian,C.
1096,Dustin,L.
1097,Veronica,P.
1098,Robert,J.
1099,Kyle,F.
1100,Kristy,W.
1101,Trevor,G.
1102,Jenna,P.
1103,Douglas,B.
1104,Gregory,T.
1105,Donna,T.
1106,Elizabeth,J.
1107,Nathan,P.
1108,Nicole,F.
1109,Cameron,G.
1110,Kevin,J.
1111,Melissa,H.
1112,Daniel,H.
1113,Kimberly,N.
1114,Lisa,M.
1115,Lindsay,P.
1116,Stacy,M.
1117,Kristine,A.
1118,Teresa,V.
1119,Shelly,B.
1120,Meghan,S.
1121,Eileen,G.
1122,Christina,L.
1123,Stephen,S.
1124,Travis,G.
1125,Mark,J.
1126,Cristina,R.
1127,Raymond,S.
1128,Todd,P.
1129,Brady,P.
1130,Jason,J.
1131,Carl,B.
1132,Lauren,B.
1133,Nicholas,B.
1134,Derek,M.
1135,Robert,B.
1136,Felicia,M.
1137,Rhonda,S.
1138,Richard,M.
1139,Carla,W.
1140,Danny,B.
1141,Amber,Y.
1142,Catherine,D.
1143,Gina,C.
1144,Brian,M.
1145,Tammy,W.
1146,Christopher,H.
1147,Mike,T.
1148,Sarah,H.
1149,Monica,D.
1150,Ashley,S.
1151,Ryan,M.
1152,Samantha,R.
1153,Roy,J.
1154,Alicia,G.
1155,Joshua,C.
1156,Kimberly,W.
1157,Marco,W.
1158,David,G.
1159,Amanda,G.
1160,Ricardo,F.
1161,Kenneth,V.
1162,Karen,L.
1163,Kendra,G.
1164,Antonio,M.
1165,Sonya,A.
1166,Erica,J.
1167,Eric,M.
1168,Anna,C.
1169,Richard,R.
1170,Jennifer,G.
1171,Jennifer,C.
1172,Katherine,B.
1173,Julie,P.
1174,Benjamin,B.
1175,Nicholas,B.
1176,Ariana,T.
1177,Jeffrey,L.
1178,Jessica,T.
1179,Charles,D.
1180,Lisa,J.
1181,Elizabeth,D.
1182,Cynthia,J.
1183,Melinda,C.
1184,Joshua,G.
1185,William,C.
1186,Adrienne,C.
1187,Bradley,M.
1188,Melissa,M.
1189,Tracie,P.
1190,Richard,M.
1191,Brittany,B.
1192,Christopher,M.
1193,Jocelyn,P.
1194,Javier,W.
1195,Todd,Y.
1196,Olivia,L.
1197,Maria,M.
1198,Kimberly,M.
1199,Jennifer,E.
1200,Christopher,C.
1201,John,B.
1202,Michael,W.
1203,Kristin,E.
1204,Ray,C.
1205,Perry,W.
1206,Joan,P.
1207,Randy,B.
1208,Devin,V.
1209,Fernando,S.
1210,Melissa,R.
1211,Danielle,S.
1212,Jason,B.
1213,Courtney,H.
1214,Renee,W.
1215,Jacqueline,J.
1216,Ariel,A.
1217,Martha,L.
1218,David,T.
1219,Dorothy,P.
1220,Justin,C.
1221,Kimberly,H.
1222,Denise,D.
1223,Caitlin,R.
1224,Michael,T.
1225,Erin,D.
1226,Bryan,H.
1227,George,T.
1228,Christina,W.
1229,Laura,S.
1230,Derek,W.
1231,Kathy,A.
1232,Jill,S.
1233,Rhonda,R.
1234,Janet,H.
1235,Rebecca,G.
1236,Brian,T.
1237,Samuel,M.
1238,Sean,C.
1239,Janice,P.
1240,Gerald,D.
1241,Brent,T.
1242,Erica,W.
1243,Jenna,M.
1244,Carol,H.
1245,Joshua,J.
1246,Gordon,P.
1247,Karen,B.
1248,Michelle,C.
1249,Connie,S.
1250,Brian,C.
1251,Alicia,D.
1252,Susan,G.
1253,Tony,B.
1254,Katherine,M.
1255,Morgan,A.
1256,Caleb,D.
1257,Rebecca,S.
1258,Erica,S.
1259,Roberto,R.
1260,Charles,W.
1261,Ronald,B.
1262,Jeffrey,R.
1263,Jennifer,T.
1264,Timothy,C.
1265,Melanie,V.
1266,Madeline,T.
1267,Matthew,M.
1268,Alexis,R.
1269,David,F.
1270,Edward,M.
1271,Joseph,M.
1272,Kyle,S.
1273,Elizabeth,W.
1274,Patricia,P.
1275,Sarah,W.
1276,Ricky,B.
1277,Rickey,L.
1278,Jessica,H.
1279,Roger,M.
1280,Jennifer,W.
1281,Kathy,H.
1282,Andrew,T.
1283,Stephen,W.
1284,Laura,S.
1285,Robert,L.
1286,Matthew,G.
1287,Emily,H.
1288,Cameron,J.
1289,Travis,W.
1290,Chase,F.
1291,Thomas,B.
1292,Derrick,B.
1293,Jennifer,M.
1294,Alison,S.
1295,Mary,G.
1296,Lindsey,M.
1297,Jennifer,M.
1298,Debra,C.
1299,Jennifer,W.
1300,Bruce,T.
1301,Renee,N.
1302,Ronald,M.
1303,Christopher,C.
1304,Jennifer,D.
1305,Jason,G.
1306,Jessica,C.
1307,Ashley,R.
1308,Troy,R.
1309,John,K.
1310,Erica,W.
1311,Raymond,J.
1312,Eduardo,F.
1313,Debra,R.
1314,Tara,D.
1315,Luis,P.
1316,Michael,B.
1317,Michael,V.
1318,Mary,K.
1319,Kristen,N.
1320,Amanda,Y.
1321,Donald,L.
1322,Mark,M.
1323,Dana,N.
1324,Sabrina,R.
1325,Chelsea,M.
1326,Mikayla,B.
1327,Danielle,S.
1328,Alexis,G.
1329,Jeremy,M.
1330,Kimberly,M.
1331,Ann,G.
1332,Andrea,M.
1333,James,Z.
1334,Connor,O.
1335,Shawn,C.
1336,Tyler,S.
1337,Kathryn,N.
1338,Cassie,W.
1339,Lisa,S.
1340,Linda,S.
1341,Theresa,T.
1342,Amber,R.
1343,Dawn,G.
1344,Lori,W.
1345,John,M.
1346,Michael,W.
1347,Stephanie,J.
1348,Sue,W.
1349,Jose,C.
1350,Lisa,R.
1351,Sarah,M.
1352,Pamela,K.
1353,Breanna,M.
1354,Amanda,S.
1355,Mark,J.
1356,Tara,M.
1357,Heidi,A.
1358,David,R.
1359,Jody,B.
1360,Melissa,T.
1361,Roy,K.
1362,Colleen,S.
1363,Ana,B.
1364,Jennifer,H.
1365,David,M.
1366,Theresa,M.
1367,Jeremiah,S.
1368,Tonya,T.
1369,Howard,C.
1370,Victoria,H.
1371,Brianna,F.
1372,Heather,P.
1373,Jason,M.
1374,Elaine,H.
1375,Dawn,H.
1376,Jennifer,Z.
1377,Richard,P.
1378,Eric,G.
1379,Debra,C.
1380,Teresa,P.
1381,Edward,H.
1382,Jamie,R.
1383,Michelle,H.
1384,Andrea,B.
1385,Michael,K.
1386,Rachael,C.
1387,William,I.
1388,Michelle,D.
1389,Michael,S.
1390,Barbara,M.
1391,Edward,K.
1392,Lindsay,J.
1393,Deborah,A.
1394,Jared,M.
1395,Robert,D.
1396,Christian,R.
1397,Richard,S.
1398,Erik,S.
1399,Keith,M.
1400,Manuel,H.
1401,Zachary,C.
1402,Anthony,M.
1403,Dylan,C.
1404,Cynthia,M.
1405,Duane,C.
1406,Melissa,S.
1407,Edward,P.
1408,Sarah,T.
1409,David,B.
1410,Brandy,G.
1411,Sophia,R.
1412,Ralph,V.
1413,Nathan,L.
1414,Anthony,G.
1415,Julian,W.
1416,Jennifer,D.
1417,Todd,D.
1418,Jacqueline,B.
1419,Sarah,D.
1420,Courtney,G.
1421,Aaron,M.
1422,Jeanette,H.
1423,Theodore,R.
1424,Robert,C.
1425,Jason,L.
1426,Christopher,G.
1427,Kaitlin,S.
1428,Tony,H.
1429,Timothy,P.
1430,Mary,J.
1431,Anna,T.
1432,Daniel,O.
1433,Erica,K.
1434,Hannah,H.
1435,Timothy,A.
1436,Mary,S.
1437,Kevin,N.
1438,Steven,K.
1439,Alicia,P.
1440,Timothy,C.
1441,Alexander,L.
1442,Victoria,W.
1443,Denise,G.
1444,Laura,C.
1445,Katherine,H.
1446,Penny,D.
1447,Sara,M.
1448,Alex,G.
1449,Jeffrey,S.
1450,Kyle,C.
1451,Luke,U.
1452,Denise,C.
1453,Amanda,W.
1454,Kristen,D.
1455,Ronald,L.
1456,Brian,P.
1457,Margaret,M.
1458,Jasmine,F.
1459,Johnny,J.
1460,Erika,C.
1461,Renee,S.
1462,Steven,L.
1463,Elizabeth,Z.
1464,Jamie,D.
1465,Paul,B.
1466,Crystal,S.
1467,Julie,G.
1468,Daniel,J.
1469,Rebecca,C.
1470,Elizabeth,G.
1471,Joseph,H.
1472,Jonathan,R.
1473,Erin,B.
1474,Frank,R.
1475,Lee,D.
1476,Mark,R.
1477,Barbara,B.
1478,Frank,N.
1479,Monica,B.
1480,Troy,M.
1481,Vanessa,P.
1482,Jeffrey,P.
1483,Daniel,W.
1484,Maria,M.
1485,Jennifer,M.
1486,Juan,B.
1487,Christopher,M.
1488,Aimee,D.
1489,Joseph,D.
1490,Andrea,F.
1491,Andrea,E.
1492,Barbara,T.
1493,Karen,W.
1494,Dawn,C.
1495,William,D.
1496,Rebecca,P.
1497,Stephen,B.
1498,George,D.
1499,Madison,S.
1500,Veronica,J.
1501,Leslie,A.
1502,Brandon,C.
1503,Alex,H.
1504,David,W.
1505,Gregory,R.
1506,Jennifer,S.
1507,Melissa,S.
1508,Sara,N.
1509,Juan,L.
1510,Christopher,W.
1511,Valerie,L.
1512,Andrew,F.
1513,Anthony,T.
1514,Frances,B.
1515,Joann,D.
1516,Daniel,R.
1517,Susan,C.
1518,Megan,S.
1519,Steven,O.
1520,Joshua,S.
1521,Julie,L.
1522,Jacob,B.
1523,Donna,N.
1524,James,W.
1525,Luke,B.
1526,Lisa,T.
1527,Abigail,A.
1528,Kristin,B.
1529,David,M.
1530,Michael,G.
1531,Ernest,G.
1532,Anthony,R.
1533,Michelle,W.
1534,Chelsea,H.
1535,Brian,B.
1536,Russell,S.
1537,Rickey,E.
1538,Paula,S.
1539,Rhonda,W.
1540,John,C.
1541,Ann,B.
1542,Danielle,D.
1543,Megan,P.
1544,Rachel,W.
1545,Danielle,S.
1546,Kimberly,H.
1547,Juan,P.
1548,Adam,S.
1549,Thomas,T.
1550,Morgan,A.
1551,Michelle,W.
1552,Vincent,B.
1553,Samantha,C.
1554,Sierra,A.
1555,Richard,G.
1556,Cynthia,C.
1557,Michelle,S.
1558,Denise,R.
1559,Desiree,S.
1560,Troy,W.
1561,Brandon,O.
1562,Dana,B.
1563,Christopher,H.
1564,Cheryl,B.
1565,Justin,H.
1566,William,S.
1567,Jacob,L.
1568,Jeffrey,K.
1569,Zachary,H.
1570,Crystal,D.
1571,Karen,H.
1572,Jessica,C.
1573,Tonya,P.
1574,Amanda,B.
1575,Crystal,S.
1576,Diana,D.
1577,Michelle,S.
1578,Jennifer,B.
1579,Timothy,P.
1580,Chad,B.
1581,Terri,W.
1582,Emily,C.
1583,Jill,C.
1584,Erin,G.
1585,Mary,H.
1586,Jennifer,H.
1587,Amy,P.
1588,Melissa,C.
1589,Rebecca,H.
1590,Kyle,M.
1591,Paul,B.
1592,Nicole,B.
1593,Robin,W.
1594,Donna,H.
1595,Amanda,C.
1596,Timothy,L.
1597,Shawn,W.
1598,James,S.
1599,Debra,A.
1600,Brandi,W.
1601,Richard,P.
1602,Lisa,P.
1603,Ashley,M.
1604,Brittany,E.
1605,Michael,G.
1606,Katie,H.
1607,Brett,B.
1608,Howard,B.
1609,Erica,C.
1610,Mark,J.
1611,Sandra,W.
1612,Nicholas,D.
1613,Jason,S.
1614,Connor,W.
1615,Victor,R.
1616,Christopher,P.
1617,Michael,E.
1618,Justin,T.
1619,Kayla,H.
1620,Patricia,D.
1621,Debra,C.
1622,Brian,M.
1623,Diana,V.
1624,Kathleen,M.
1625,Trevor,S.
1626,Mary,M.
1627,Jacob,G.
1628,Christopher,V.
1629,Seth,R.
1630,Brian,T.
1631,Catherine,B.
1632,Michael,S.
1633,Taylor,M.
1634,Karen,M.
1635,Jill,G.
1636,Chad,B.
1637,Calvin,W.
1638,Frances,S.
1639,Carlos,S.
1640,Ashley,S.
1641,Sara,B.
1642,Katherine,M.
1643,Theresa,L.
1644,Ronald,A.
1645,Lindsey,S.
1646,Adam,B.
1647,Joseph,S.
1648,Madison,H.
1649,Vanessa,N.
1650,Andrew,H.
1651,Alexandria,B.
1652,Larry,D.
1653,Gwendolyn,C.
1654,Angela,S.
1655,Bonnie,H.
1656,Lori,A.
1657,Laura,P.
1658,Jose,B.
1659,Karen,C.
1660,Scott,T.
1661,David,F.
1662,Elizabeth,W.
1663,Daniel,B.
1664,Justin,L.
1665,Brianna,M.
1666,Lacey,R.
1667,Sharon,M.
1668,William,G.
1669,Michael,D.
1670,Stephen,R.
1671,Charles,N.
1672,Arthur,M.
1673,Frank,B.
1674,Christian,W.
1675,Denise,T.
1676,Kevin,H.
1677,Amy,S.
1678,Stephanie,G.
1679,Patricia,G.
1680,Shannon,S.
1681,Gina,J.
1682,Elizabeth,S.
1683,Amy,M.
1684,Raymond,B.
1685,Michele,W.
1686,Colleen,W.
1687,John,K.
1688,Bryan,R.
1689,Sarah,S.
1690,Katie,R.
1691,Julie,C.
1692,Becky,B.
1693,Nicole,H.
1694,Alyssa,W.
1695,Valerie,D.
1696,Nancy,C.
1697,Melissa,G.
1698,James,L.
1699,Christina,B.
1700,Christine,W.
1701,Mark,J.
1702,Ellen,B.
1703,Valerie,W.
1704,Michael,M.
1705,Amber,M.
1706,Christopher,F.
1707,Bethany,S.
1708,Courtney,M.
1709,Colin,T.
1710,Charles,H.
1711,Sarah,M.
1712,Heather,S.
1713,Kevin,F.
1714,Angelica,H.
1715,Hannah,W.
1716,Joseph,W.
1717,Jeremy,H.
1718,Rodney,R.
1719,Kim,B.
1720,Nicholas,M.
1721,Joanna,J.
1722,Michael,H.
1723,Bradley,J.
1724,Stephanie,T.
1725,Christine,S.
1726,Nicholas,M.
1727,Meredith,H.
1728,Kathryn,P.
1729,Robert,B.
1730,Joann,C.
1731,Elizabeth,J.
1732,Michelle,M.
1733,Dustin,M.
1734,Andrea,W.
1735,Robert,B.
1736,Sarah,H.
1737,Patricia,B.
1738,Rose,T.
1739,Daniel,B.
1740,Rebecca,W.
1741,Nancy,T.
1742,Paul,W.
1743,Briana,K.
1744,Samuel,D.
1745,Lori,R.
1746,Sherry,W.
1747,Christian,B.
1748,Curtis,W.
1749,David,R.
1750,Jessica,W.
1751,Benjamin,L.
1752,Gary,B.
1753,Ethan,C.
1754,Joel,T.
1755,Kayla,G.
1756,Deborah,J.
1757,Kimberly,P.
1758,Veronica,S.
1759,Stephanie,A.
1760,Peggy,H.
1761,Amanda,M.
1762,David,H.
1763,Kaitlin,R.
1764,Chad,C.
1765,Michael,S.
1766,Julie,J.
1767,Margaret,D.
1768,Andrew,O.
1769,Casey,M.
1770,Jason,W.
1771,Jason,K.
1772,Jaime,G.
1773,Jennifer,C.
1774,Denise,M.
1775,Lori,R.
1776,Katherine,T.
1777,Roger,S.
1778,Jesse,M.
1779,Kathy,L.
1780,Kayla,K.
1781,Cynthia,D.
1782,Heather,J.
1783,Bonnie,D.
1784,Andrew,A.
1785,Kurt,E.
1786,Daniel,K.
1787,Krystal,H.
1788,Jill,W.
1789,Michael,L.
1790,Lindsey,M.
1791,Brandy,R.
1792,John,A.
1793,Jason,S.
1794,Chelsey,S.
1795,Laura,G.
1796,Joseph,W.
1797,Judy,G.
1798,John,G.
1799,Michelle,C.
1800,Lisa,H.
1801,Jennifer,W.
1802,Tiffany,C.
1803,Brett,S.
1804,Mary,S.
1805,Jennifer,V.
1806,Levi,B.
1807,Russell,H.
1808,Jeffrey,H.
1809,David,B.
1810,Sandra,W.
1811,Brooke,B.
1812,Emily,H.
1813,Mario,S.
1814,Joshua,B.
1815,Luis,P.
1816,Keith,M.
1817,Jacqueline,D.
1818,Tyler,M.
1819,John,B.
1820,Toni,G.
1821,Robert,B.
1822,Donna,D.
1823,Travis,B.
1824,Nicole,C.
1825,Billy,B.
1826,Paige,Y.
1827,Karen,J.
1828,Melissa,B.
1829,Richard,D.
1830,Caleb,G.
1831,Patrick,L.
1832,Stephen,W.
1833,Richard,W.
1834,Justin,W.
1835,Keith,A.
1836,Marcus,G.
1837,Shawn,P.
1838,Jesse,R.
1839,Bradley,G.
1840,Jacqueline,L.
1841,Lisa,T.
1842,Cassandra,K.
1843,Brittany,M.
1844,Peggy,D.
1845,Margaret,J.
1846,Nicole,F.
1847,Alexander,G.
1848,Danielle,P.
1849,Autumn,P.
1850,Derek,K.
1851,Phillip,B.
1852,James,S.
1853,Austin,B.
1854,Matthew,B.
1855,Gregory,W.
1856,Michael,H.
1857,Jason,K.
1858,Michelle,C.
1859,Christopher,B.
1860,Michelle,F.
1861,Gene,M.
1862,Kristy,L.
1863,Jenna,G.
1864,Kenneth,G.
1865,Timothy,E.
1866,Christopher,V.
1867,Gary,S.
1868,Matthew,C.
1869,Kenneth,G.
1870,Christopher,L.
1871,Natasha,W.
1872,Martha,W.
1873,Barbara,S.
1874,Kari,C.
1875,Michael,M.
1876,Kevin,M.
1877,Brenda,L.
1878,Tracy,A.
1879,Kathryn,C.
1880,Chelsea,D.
1881,Joseph,D.
1882,Robert,H.
1883,Angela,P.
1884,Benjamin,K.
1885,Shawn,G.
1886,Thomas,H.
1887,Cesar,J.
1888,Randy,M.
1889,Edward,V.
1890,Haley,N.
1891,Emily,D.
1892,Elizabeth,A.
1893,Samantha,S.
1894,Melanie,C.
1895,Wanda,C.
1896,Jerry,H.
1897,Robert,H.
1898,Joshua,K.
1899,Robert,C.
1900,Sabrina,H.
1901,Frank,R.
1902,Jessica,D.
1903,Renee,M.
1904,Erica,D.
1905,Anthony,A.
1906,Edward,C.
1907,Rodney,R.
1908,Erin,W.
1909,Pamela,K.
1910,Beverly,B.
1911,Barbara,W.
1912,Julie,G.
1913,Gabriel,J.
1914,Frank,D.
1915,Melanie,H.
1916,David,P.
1917,Cynthia,G.
1918,Rebecca,S.
1919,Brandon,B.
1920,Larry,M.
1921,Spencer,J.
1922,Donna,C.
1923,Dean,W.
1924,Phillip,S.
1925,Linda,D.
1926,Adam,J.
1927,Ashley,C.
1928,Brett,M.
1929,Steven,L.
1930,Michael,A.
1931,Jacob,C.
1932,Christopher,H.
1933,Craig,F.
1934,Austin,C.
1935,David,F.
1936,Vickie,C.
1937,Mary,E.
1938,Kim,M.
1939,Sarah,P.
1940,Dale,C.
1941,Gregory,S.
1942,Jacob,G.
1943,Felicia,K.
1944,Jonathon,P.
1945,Lindsay,A.
1946,Thomas,L.
1947,Eric,S.
1948,Adam,J.
1949,Larry,T.
1950,Valerie,B.
1951,Andrew,L.
1952,Dennis,M.
1953,Sharon,C.
1954,Rebecca,R.
1955,Laurie,R.
1956,Lisa,C.
1957,Jennifer,O.
1958,Gary,J.
1959,Linda,B.
1960,Nicholas,R.
1961,Jamie,S.
1962,Sara,C.
1963,Aaron,G.
1964,Beverly,D.
1965,Barbara,W.
1966,Joe,V.
1967,Andrea,F.
1968,Johnathan,R.
1969,Mathew,H.
1970,Kevin,C.
1971,Michael,T.
1972,Sean,W.
1973,Nichole,W.
1974,Jose,N.
1975,Jennifer,O.
1976,Bradley,A.
1977,William,C.
1978,Michael,S.
1979,Nicolas,M.
1980,Larry,B.
1981,Antonio,S.
1982,Drew,F.
1983,Kristen,J.
1984,Jordan,S.
1985,Elizabeth,M.
1986,Anthony,C.
1987,Wayne,J.
1988,Glenn,N.
1989,Ronald,W.
1990,Scott,M.
1991,Timothy,C.
1992,Dylan,M.
1993,Walter,M.
1994,Linda,W.
1995,Kathleen,M.
1996,Patrick,R.
1997,Jennifer,S.
1998,Cheryl,K.
1999,Kelly,S.
2000,Luis,S.
2001,Brian,B.
2002,Logan,H.
2003,Corey,P.
2004,Michelle,H.
2005,Daniel,R.
2006,Patrick,W.
2007,Barry,C.
2008,Andrew,F.
2009,Robert,B.
2010,Derek,S.
2011,Alexandra,A.
2012,Bill,D.
2013,Joshua,W.
2014,Stephanie,T.
2015,Sarah,M.
2016,Jacob,P.
2017,Denise,B.
2018,Glenn,M.
2019,Matthew,R.
2020,Barbara,P.
2021,Scott,P.
2022,Nathan,D.
2023,Maria,H.
2024,Laura,T.
2025,Elizabeth,J.
2026,Brandi,W.
2027,Laura,S.
2028,Gregory,R.
2029,James,R.
2030,Amy,O.
2031,Kevin,M.
2032,Jenna,H.
2033,Albert,R.
2034,William,S.
2035,George,F.
2036,Seth,S.
2037,Michelle,C.
2038,David,H.
2039,Ronald,W.
2040,John,C.
2041,Allison,R.
2042,Nicole,B.
2043,Jessica,S.
2044,Jeremy,S.
2045,Jesse,S.
2046,Lauren,R.
2047,Paul,J.
2048,Scott,A.
2049,Jeremy,H.
2050,Tiffany,M.
2051,Sean,J.
2052,Jonathon,P.
2053,Monica,S.
2054,Carolyn,M.
2055,Brad,P.
2056,Benjamin,S.
2057,Matthew,W.
2058,David,O.
2059,Kelly,H.
2060,William,D.
2061,Sandra,C.
2062,Sherry,W.
2063,Kimberly,M.
2064,Lindsay,O.
2065,Bradley,J.
2066,Amy,H.
2067,Jessica,C.
2068,Sarah,O.
2069,Tami,P.
2070,Carlos,W.
2071,Erin,L.
2072,Kathleen,B.
2073,Spencer,T.
2074,Bonnie,S.
2075,Kimberly,M.
2076,Jacqueline,C.
2077,Antonio,K.
2078,Evelyn,D.
2079,Michelle,S.
2080,Joshua,C.
2081,Robert,T.
2082,Anthony,N.
2083,Mallory,R.
2084,Dana,B.
2085,Brianna,G.
2086,Kristin,K.
2087,Madison,K.
2088,Jennifer,O.
2089,Gary,G.
2090,Christopher,H.
2091,Alexandria,M.
2092,Heather,W.
2093,Anthony,M.
2094,Priscilla,R.
2095,Charles,C.
2096,Jessica,L.
2097,Casey,M.
2098,Stephanie,G.
2099,Ebony,G.
2100,Amy,A.
2101,David,J.
2102,Robert,C.
2103,Brandon,C.
2104,Damon,F.
2105,Kevin,K.
2106,Tina,W.
2107,Scott,F.
2108,Kristen,B.
2109,Mary,P.
2110,Anna,W.
2111,Robin,J.
2112,Lindsey,A.
2113,Jason,R.
2114,Jeremy,E.
2115,Jerry,N.
2116,Michelle,R.
2117,Trevor,H.
2118,Andrew,L.
2119,Ariel,H.
2120,Joshua,S.
2121,Shirley,M.
2122,Curtis,T.
2123,Wanda,B.
2124,Maria,C.
2125,Jessica,E.
2126,Richard,S.
2127,Nicole,H.
2128,Amanda,B.
2129,Justin,G.
2130,Gail,P.
2131,Stephen,R.
2132,Alexander,S.
2133,Charles,W.
2134,Jonathan,B.
2135,George,L.
2136,Richard,T.
2137,Patricia,N.
2138,Adam,J.
2139,Tammy,L.
2140,Suzanne,C.
2141,Anthony,S.
2142,Dylan,J.
2143,Theresa,H.
2144,Erica,M.
2145,Timothy,W.
2146,Tracy,S.
2147,Gary,M.
2148,Jason,M.
2149,Karen,K.
2150,Ethan,P.
2151,Robin,N.
2152,James,A.
2153,Tony,S.
2154,Joshua,F.
2155,Joy,C.
2156,Julia,D.
2157,Edward,J.
2158,Desiree,F.
2159,Erica,D.
2160,Stacey,L.
2161,Dennis,P.
2162,David,C.
2163,Joshua,S.
2164,Melanie,O.
2165,Catherine,B.
2166,William,H.
2167,Joshua,D.
2168,Joshua,G.
2169,Courtney,B.
2170,Christopher,M.
2171,Stuart,C.
2172,Nathan,B.
2173,Wendy,L.
2174,Regina,L.
2175,Jennifer,B.
2176,Christian,O.
2177,Jennifer,W.
2178,William,G.
2179,Jessica,W.
2180,Maria,M.
2181,Johnathan,B.
2182,Jeffrey,D.
2183,Stephanie,R.
2184,Christy,C.
2185,Nicole,M.
2186,Daryl,D.
2187,Sherri,B.
2188,Megan,C.
2189,Matthew,G.
2190,Christopher,V.
2191,Julie,H.
2192,Dawn,W.
2193,Julie,D.
2194,William,J.
2195,Daniel,A.
2196,Phillip,T.
2197,Mark,Q.
2198,Jennifer,B.
2199,Bryan,S.
2200,Tiffany,W.
2201,Calvin,D.
2202,Stephen,H.
2203,Rachel,A.
2204,Christian,L.
2205,Jonathon,L.
2206,Elaine,M.
2207,Crystal,J.
2208,Daniel,L.
2209,Justin,H.
2210,Ashley,S.
2211,Patrick,H.
2212,Sarah,G.
2213,Michelle,D.
2214,Brandi,M.
2215,Joshua,T.
2216,Amber,R.
2217,Heather,K.
2218,Steven,W.
2219,Donna,W.
2220,James,P.
2221,Erin,J.
2222,Alejandro,B.
2223,Rebecca,K.
2224,Marie,B.
2225,Calvin,M.
2226,Meagan,F.
2227,Stephanie,A.
2228,Raymond,D.
2229,Elizabeth,R.
2230,Daniel,W.
2231,Aaron,L.
2232,Mark,J.
2233,Tiffany,B.
2234,Steven,M.
2235,Pamela,D.
2236,Theodore,E.
2237,Adam,W.
2238,Willie,J.
2239,Cody,B.
2240,Michael,E.
2241,Leah,M.
2242,James,T.
2243,Matthew,H.
2244,Colleen,J.
2245,Jeremy,F.
2246,James,B.
2247,Lauren,T.
2248,Aaron,C.
2249,Barry,G.
2250,Maria,R.
2251,Melissa,R.
2252,Joseph,J.
2253,Matthew,C.
2254,Elizabeth,T.
2255,Christina,S.
2256,Rebecca,M.
2257,Lawrence,G.
2258,Daniel,L.
2259,Travis,L.
2260,Christopher,W.
2261,Rachel,F.
2262,Megan,B.
2263,Joanne,R.
2264,Andrew,B.
2265,Jeanne,S.
2266,Seth,L.
2267,Jamie,W.
2268,Angel,M.
2269,Amy,K.
2270,Elizabeth,H.
2271,Charles,S.
2272,Antonio,T.
2273,Amber,B.
2274,Tracy,B.
2275,Kim,C.
2276,Ann,A.
2277,Jennifer,M.
2278,Monica,J.
2279,Timothy,W.
2280,Kelly,T.
2281,George,R.
2282,Christopher,A.
2283,Shawn,M.
2284,Eric,P.
2285,Lindsey,S.
2286,Leah,L.
2287,David,L.
2288,Beth,A.
2289,John,G.
2290,Caitlin,S.
2291,Jill,M.
2292,Lauren,M.
2293,Alexis,D.
2294,Lisa,B.
2295,Jonathan,E.
2296,Marc,J.
2297,Crystal,V.
2298,Robert,S.
2299,Christopher,K.
2300,Kim,M.
2301,Leroy,J.
2302,Christine,W.
2303,Heather,R.
2304,Kelly,F.
2305,Amanda,S.
2306,Luis,N.
2307,Ian,K.
2308,Hayden,T.
2309,Debra,P.
2310,Ryan,B.
2311,Yvonne,T.
2312,Jodi,M.
2313,Wayne,F.
2314,Alison,S.
2315,Shaun,S.
2316,Henry,S.
2317,Alexandra,H.
2318,Jessica,T.
2319,James,J.
2320,James,S.
2321,Jessica,K.
2322,Mary,J.
2323,Gerald,W.
2324,Philip,H.
2325,Rose,G.
2326,Duane,V.
2327,Dean,S.
2328,Matthew,A.
2329,Jennifer,M.
2330,Cody,T.
2331,Sherri,H.
2332,George,B.
2333,Lori,A.
2334,Brittney,P.
2335,Jared,A.
2336,Gary,G.
2337,Jonathan,M.
2338,Matthew,J.
2339,Jessica,H.
2340,Anna,T.
2341,Yvonne,L.
2342,Ann,K.
2343,David,R.
2344,Matthew,R.
2345,Joshua,M.
2346,Jorge,L.
2347,Tricia,L.
2348,Debbie,R.
2349,Brian,M.
2350,Jonathan,R.
2351,Cory,A.
2352,Catherine,M.
2353,Robin,G.
2354,Kevin,H.
2355,Nicole,O.
2356,Jason,B.
2357,Evan,E.
2358,Robert,C.
2359,Sara,S.
2360,Brian,M.
2361,Jasmin,W.
2362,Wayne,D.
2363,Ellen,C.
2364,Kristine,N.
2365,Sydney,F.
2366,Elizabeth,H.
2367,Martin,T.
2368,Gregory,C.
2369,Denise,S.
2370,James,T.
2371,Roberto,H.
2372,Tina,J.
2373,Edward,O.
2374,Samuel,P.
2375,Ashley,H.
2376,Wendy,M.
2377,James,E.
2378,Juan,B.
2379,Whitney,O.
2380,David,M.
2381,Megan,R.
2382,Ashley,C.
2383,Maria,C.
2384,Dennis,S.
2385,Devin,T.
2386,Lisa,S.
2387,Kevin,Y.
2388,Janet,J.
2389,Nicole,H.
2390,Dustin,G.
2391,Brenda,M.
2392,Doris,G.
2393,Sheryl,A.
2394,Benjamin,M.
2395,Megan,K.
2396,Charles,M.
2397,Amanda,J.
2398,Sabrina,B.
2399,Jennifer,R.
2400,Shane,H.
2401,Cynthia,A.
2402,Corey,M.
2403,Paula,W.
2404,Micheal,K.
2405,Kevin,H.
2406,Benjamin,B.
2407,John,W.
2408,Joseph,W.
2409,Matthew,K.
2410,Gregory,V.
2411,Lori,C.
2412,Kyle,H.
2413,Raven,H.
2414,David,D.
2415,Jimmy,D.
2416,Marcia,R.
2417,Ryan,D.
2418,Leslie,E.
2419,Charles,R.
2420,Amy,C.
2421,James,M.
2422,Jonathan,W.
2423,James,L.
2424,Michael,R.
2425,James,M.
2426,Laura,M.
2427,Danielle,S.
2428,Paul,A.
2429,Ashley,J.
2430,Nancy,G.
2431,Kristin,W.
2432,Laura,B.
2433,Paul,T.
2434,Rebecca,G.
2435,Eric,M.
2436,Charles,S.
2437,Jennifer,V.
2438,Fernando,P.
2439,Nichole,K.
2440,Jeremy,S.
2441,Joshua,B.
2442,Angela,S.
2443,Karen,G.
2444,Matthew,T.
2445,James,G.
2446,Christina,R.
2447,Joseph,N.
2448,John,M.
2449,Veronica,T.
2450,Caitlin,M.
2451,Pamela,H.
2452,Troy,M.
2453,Deborah,M.
2454,Austin,C.
2455,Wendy,W.
2456,Nicholas,W.
2457,Marc,S.
2458,Natasha,V.
2459,Rose,G.
2460,Steven,B.
2461,Jose,J.
2462,Christine,W.
2463,Raymond,W.
2464,Brittany,H.
2465,Kayla,S.
2466,Robert,P.
2467,Jacob,S.
2468,Brandon,T.
2469,Joshua,M.
2470,Patty,D.
2471,David,S.
2472,Jessica,H.
2473,Dale,V.
2474,Sara,C.
2475,Stephen,E.
2476,Sarah,M.
2477,Tammie,W.
2478,Julie,B.
2479,Heather,H.
2480,Sandra,R.
2481,Deanna,B.
2482,Zachary,M.
2483,Shane,F.
2484,Kathy,W.
2485,Laura,S.
2486,Jillian,W.
2487,Debra,M.
2488,Emily,M.
2489,Logan,H.
2490,Jennifer,A.
2491,Chelsea,P.
2492,Carol,W.
2493,Harold,R.
2494,Patricia,G.
2495,Derek,B.
2496,Brandy,M.
2497,Paul,R.
2498,Danielle,A.
2499,Dawn,C.
2500,Matthew,W.
2501,Patrick,D.
2502,April,H.
2503,Matthew,M.
2504,Pamela,C.
2505,Anthony,B.
2506,Jenna,W.
2507,Jeremy,B.
2508,Mark,L.
2509,Carl,S.
2510,Kendra,J.
2511,David,K.
2512,Richard,J.
2513,Mark,M.
2514,Kim,C.
2515,Robert,C.
2516,Kara,P.
2517,Brian,M.
2518,Sharon,W.
2519,Teresa,R.
2520,Monique,D.
2521,Christopher,P.
2522,Kelly,A.
2523,Laura,Y.
2524,Joseph,H.
2525,Jennifer,R.
2526,Jody,W.
2527,Amber,W.
2528,Steven,F.
2529,Jill,R.
2530,Brenda,G.
2531,Walter,N.
2532,Taylor,B.
2533,Amanda,S.
2534,Jennifer,M.
2535,Hunter,H.
2536,Joseph,W.
2537,Barbara,G.
2538,Tyler,H.
2539,Chelsea,R.
2540,Eric,J.
2541,John,H.
2542,James,D.
2543,Jason,R.
2544,Elizabeth,O.
2545,Danielle,C.
2546,James,M.
2547,Austin,M.
2548,Justin,R.
2549,Michael,A.
2550,Morgan,T.
2551,Cheryl,M.
2552,Meredith,W.
2553,Kathleen,F.
2554,Sonya,D.
2555,Laura,M.
2556,Mark,H.
2557,Tonya,V.
2558,Randall,R.
2559,Tanya,F.
2560,Michael,D.
2561,Brenda,B.
2562,Victor,W.
2563,Theresa,J.
2564,Andrew,S.
2565,Stephen,G.
2566,Elizabeth,A.
2567,Charles,W.
2568,Marisa,W.
2569,Lisa,A.
2570,Derrick,S.
2571,Jonathan,W.
2572,Karen,A.
2573,Kelli,O.
2574,Wayne,V.
2575,Anne,H.
2576,Mark,J.
2577,Michael,W.
2578,Melinda,T.
2579,Jacob,T.
2580,Jennifer,H.
2581,Christopher,R.
2582,Andrew,S.
2583,Miguel,J.
2584,April,O.
2585,Autumn,W.
2586,Shannon,M.
2587,Katrina,C.
2588,David,P.
2589,Jeremiah,D.
2590,Jason,M.
2591,Heather,C.
2592,Keith,R.
2593,James,J.
2594,Amber,B.
2595,Michael,H.
2596,Carla,H.
2597,Heather,T.
2598,Alicia,M.
2599,Rodney,D.
2600,Philip,N.
2601,Sandra,L.
2602,Matthew,S.
2603,Margaret,D.
2604,Kathryn,A.
2605,Donald,W.
2606,Joseph,C.
2607,Peter,J.
2608,Mario,O.
2609,Luis,S.
2610,Joshua,K.
2611,Christina,R.
2612,Shawn,G.
2613,Heather,K.
2614,Jeff,E.
2615,William,B.
2616,Roberto,S.
2617,William,W.
2618,Andrea,W.
2619,Leslie,F.
2620,Lisa,M.
2621,Jordan,Z.
2622,Kimberly,R.
2623,Robin,W.
2624,Carrie,F.
2625,Jaime,M.
2626,Valerie,B.
2627,Nicholas,M.
2628,Kelly,A.
2629,Teresa,B.
2630,Donna,H.
2631,Nathan,M.
2632,Lucas,M.
2633,Marcus,C.
2634,Melissa,G.
2635,Sara,G.
2636,Sydney,W.
2637,Ruth,D.
2638,Robert,E.
2639,Kenneth,P.
2640,Michelle,B.
2641,Michael,H.
2642,Ricardo,C.
2643,Edward,G.
2644,Theresa,A.
2645,Kevin,G.
2646,Catherine,A.
2647,Jared,C.
2648,Dustin,J.
2649,Samantha,T.
2650,John,B.
2651,Pamela,C.
2652,Melanie,J.
2653,Carrie,C.
2654,Sheila,W.
2655,Jordan,P.
2656,Stephen,W.
2657,Deborah,H.
2658,Chad,Q.
2659,Linda,O.
2660,Jack,A.
2661,Brian,L.
2662,Larry,L.
2663,Jennifer,M.
2664,James,F.
2665,Jessica,J.
2666,Sherry,M.
2667,Sarah,P.
2668,Martin,K.
2669,Brian,T.
2670,Natalie,S.
2671,James,M.
2672,Kimberly,L.
2673,Sarah,L.
2674,Christopher,W.
2675,Kellie,G.
2676,Kristen,L.
2677,Sarah,J.
2678,David,M.
2679,Christopher,G.
2680,Matthew,S.
2681,Steven,G.
2682,Angel,C.
2683,Amy,W.
2684,Jennifer,D.
2685,James,T.
2686,George,F.
2687,Lisa,E.
2688,Angela,H.
2689,Stephanie,R.
2690,Amy,D.
2691,Anita,H.
2692,Carla,L.
2693,Tiffany,C.
2694,Audrey,M.
2695,Barry,N.
2696,Wendy,L.
2697,Mario,S.
2698,Christy,M.
2699,Anna,R.
2700,Marc,W.
2701,Shawn,H.
2702,Jose,D.
2703,Kim,B.
2704,Robert,H.
2705,Roberto,H.
2706,Stephanie,M.
2707,Mark,C.
2708,Juan,F.
2709,Bradley,A.
2710,Victor,B.
2711,Joseph,R.
2712,Nicholas,P.
2713,Ariel,F.
2714,Gregg,N.
2715,Nathan,B.
2716,Heather,H.
2717,Hannah,H.
2718,Gregory,B.
2719,Thomas,J.
2720,Juan,T.
2721,Brandi,V.
2722,Kellie,F.
2723,Brandon,P.
2724,Jared,H.
2725,Rhonda,J.
2726,Brittany,M.
2727,Mary,M.
2728,William,W.
2729,Christopher,J.
2730,Michael,S.
2731,Stacey,W.
2732,Michael,H.
2733,Cody,B.
2734,Sarah,S.
2735,Alexis,C.
2736,Daniel,J.
2737,William,F.
2738,James,G.
2739,Troy,M.
2740,Lisa,R.
2741,Alyssa,D.
2742,Steven,J.
2743,Suzanne,M.
2744,Jose,H.
2745,Nicholas,B.
2746,Stephanie,L.
2747,Carol,P.
2748,Jerry,B.
2749,Anthony,H.
2750,Robert,R.
2751,Corey,B.
2752,Matthew,W.
2753,Russell,N.
2754,Christopher,T.
2755,Tara,W.
2756,Austin,M.
2757,James,F.
2758,Scott,N.
2759,Joseph,A.
2760,Julia,B.
2761,Jeremy,W.
2762,Nathaniel,O.
2763,John,J.
2764,Samuel,S.
2765,Jorge,R.
2766,Samantha,L.
2767,Rachel,J.
2768,Karen,R.
2769,James,E.
2770,Rhonda,R.
2771,Danny,P.
2772,Marco,M.
2773,Angela,H.
2774,Deborah,J.
2775,Erik,S.
2776,Jeffrey,G.
2777,Monique,W.
2778,Dean,R.
2779,Eric,L.
2780,Amanda,P.
2781,Derek,W.
2782,Lisa,S.
2783,Mikayla,R.
2784,Renee,H.
2785,Haley,R.
2786,Kyle,W.
2787,Kevin,M.
2788,Steven,B.
2789,Tammy,W.
2790,Douglas,L.
2791,Michele,C.
2792,Barbara,Y.
2793,Kyle,M.
2794,Jesus,S.
2795,Catherine,T.
2796,Kevin,W.
2797,Jennifer,E.
2798,Charles,G.
2799,Danielle,P.
2800,William,K.
2801,Mary,E.
2802,Austin,T.
2803,Natasha,D.
2804,Troy,J.
2805,Lauren,J.
2806,Melinda,B.
2807,John,B.
2808,Tiffany,M.
2809,Michael,W.
2810,Jeff,P.
2811,Robert,G.
2812,Lisa,W.
2813,Eric,B.
2814,Beth,Q.
2815,Kelly,A.
2816,Brian,M.
2817,Amanda,R.
2818,Peter,B.
2819,Daniel,M.
2820,James,D.
2821,Lance,A.
2822,Ronald,M.
2823,Christine,R.
2824,Linda,S.
2825,Andrew,P.
2826,Kristin,S.
2827,William,L.
2828,Donald,S.
2829,Rhonda,H.
2830,Gary,B.
2831,Laura,N.
2832,Amy,B.
2833,Drew,L.
2834,Jennifer,G.
2835,Travis,R.
2836,Gregory,C.
2837,Scott,F.
2838,Jessica,F.
2839,Mary,J.
2840,Mary,M.
2841,Jennifer,F.
2842,Michelle,T.
2843,Stephanie,M.
2844,Rhonda,C.
2845,William,M.
2846,Ann,P.
2847,Jacob,W.
2848,William,W.
2849,Paula,R.
2850,Makayla,G.
2851,Vanessa,T.
2852,Erica,S.
2853,Kyle,M.
2854,Jill,C.
2855,Ashley,B.
2856,Matthew,A.
2857,Thomas,B.
2858,Joseph,P.
2859,James,W.
2860,Omar,M.
2861,Jamie,W.
2862,Gregory,S.
2863,Melissa,C.
2864,Craig,W.
2865,Sara,V.
2866,Julie,P.
2867,Brian,D.
2868,Audrey,M.
2869,Phillip,G.
2870,Michael,M.
2871,Sarah,H.
2872,Joseph,G.
2873,Aaron,G.
2874,Shane,S.
2875,Ricky,P.
2876,Clifford,D.
2877,James,M.
2878,Joanna,B.
2879,Gregory,M.
2880,Susan,M.
2881,Brian,F.
2882,Jesse,R.
2883,Christopher,R.
2884,Jorge,N.
2885,Wayne,F.
2886,Todd,T.
2887,Lee,C.
2888,Molly,S.
2889,Patricia,R.
2890,April,M.
2891,Jorge,S.
2892,Gene,B.
2893,Jordan,S.
2894,Leslie,W.
2895,Stephanie,B.
2896,Alyssa,R.
2897,Bruce,F.
2898,Aaron,L.
2899,Matthew,V.
2900,Christian,R.
2901,Dawn,P.
2902,Johnny,S.
2903,Haley,T.
2904,Alejandro,M.
2905,Ryan,L.
2906,Lauren,P.
2907,Sarah,L.
2908,Thomas,P.
2909,Benjamin,L.
2910,Michael,H.
2911,Mark,H.
2912,Lindsey,B.
2913,Danielle,M.
2914,Herbert,V.
2915,Robert,S.
2916,Patty,A.
2917,Nathan,B.
2918,Nathan,W.
2919,Jennifer,C.
2920,Abigail,S.
2921,Nathan,J.
2922,Brian,R.
2923,Jillian,P.
2924,Heather,H.
2925,Gene,C.
2926,Jessica,R.
2927,Paul,B.
2928,Cynthia,C.
2929,Laura,B.
2930,James,T.
2931,Brittany,R.
2932,Megan,E.
2933,Victoria,M.
2934,Ashley,P.
2935,Brian,A.
2936,John,B.
2937,William,W.
2938,Linda,H.
2939,Whitney,W.
2940,David,T.
2941,Nichole,A.
2942,Dustin,W.
2943,Jeffrey,C.
2944,Christina,S.
2945,Joseph,R.
2946,Ryan,C.
2947,Michael,B.
2948,Mike,C.
2949,Kristen,W.
2950,Jon,W.
2951,Bryan,S.
2952,Michelle,R.
2953,Tyler,W.
2954,George,V.
2955,Melanie,H.
2956,Erin,B.
2957,Eric,B.
2958,Anthony,S.
2959,Richard,B.
2960,Lisa,B.
2961,Robert,W.
2962,Donald,P.
2963,Jody,W.
2964,Scott,C.
2965,Elizabeth,C.
2966,Crystal,R.
2967,George,M.
2968,Gary,G.
2969,Sherri,L.
2970,Holly,T.
2971,Jeffrey,L.
2972,Lisa,G.
2973,Franklin,M.
2974,Shawn,T.
2975,Stacy,G.
2976,Trevor,S.
2977,Adam,H.
2978,Elizabeth,G.
2979,Eric,R.
2980,Stephanie,G.
2981,Nicholas,M.
2982,Kimberly,A.
2983,Margaret,W.
2984,Elizabeth,D.
2985,Tammy,T.
2986,Jason,M.
2987,Mackenzie,G.
2988,Brenda,L.
2989,Andrew,L.
2990,Amanda,J.
2991,Mary,H.
2992,Matthew,M.
2993,Lisa,H.
2994,Kayla,B.
2995,David,G.
2996,Lisa,B.
2997,Teresa,N.
2998,Beth,C.
2999,Gary,S.
3000,Dominique,B.
3001,Jason,M.
3002,Tracy,M.
3003,John,H.
3004,Brian,N.
3005,Alyssa,S.
3006,Justin,R.
3007,Daniel,P.
3008,Sara,B.
3009,Curtis,E.
3010,Billy,D.
3011,Tracy,H.
3012,Elizabeth,S.
3013,Donna,B.
3014,Laura,R.
3015,Rachel,R.
3016,Darren,J.
3017,Scott,T.
3018,James,B.
3019,Kevin,F.
3020,Lindsay,G.
3021,Joel,G.
3022,Tracie,M.
3023,Chloe,C.
3024,Albert,J.
3025,Kevin,L.
3026,Gabriel,G.
3027,David,B.
3028,Stacy,C.
3029,John,M.
3030,Rickey,B.
3031,Margaret,B.
3032,Kevin,J.
3033,Michele,L.
3034,Katie,G.
3035,Steven,G.
3036,Emily,M.
3037,Thomas,N.
3038,Lisa,W.
3039,David,D.
3040,Rebecca,B.
3041,Tammie,G.
3042,Eugene,W.
3043,Vanessa,M.
3044,Ricky,M.
3045,Stacey,H.
3046,James,B.
3047,Sherry,H.
3048,Ryan,D.
3049,Thomas,A.
3050,Peter,R.
3051,David,B.
3052,Pamela,L.
3053,Brenda,H.
3054,Richard,S.
3055,Matthew,T.
3056,Jared,P.
3057,Audrey,G.
3058,Kimberly,M.
3059,Ricky,V.
3060,Brandy,J.
3061,Joanne,H.
3062,Austin,M.
3063,Angela,P.
3064,Christina,R.
3065,Julie,B.
3066,Amy,O.
3067,Carrie,C.
3068,Gina,D.
3069,Seth,M.
3070,Rebekah,A.
3071,Jason,R.
3072,Nicole,W.
3073,Robert,R.
3074,Amanda,P.
3075,Fernando,R.
3076,Matthew,T.
3077,Jennifer,V.
3078,Lindsey,V.
3079,Christopher,G.
3080,Anna,N.
3081,Barry,B.
3082,Janice,B.
3083,Ronald,M.
3084,Oscar,R.
3085,Walter,F.
3086,Nicole,G.
3087,Patrick,N.
3088,Justin,N.
3089,Benjamin,W.
3090,Jon,E.
3091,Ricky,M.
3092,James,S.
3093,Zachary,R.
3094,Alexa,M.
3095,John,O.
3096,Charles,L.
3097,Brian,S.
3098,Cory,M.
3099,Nicholas,J.
3100,Samantha,G.
